NM_DOCENTE,GENERO
Bernardo Alfredo Mayta Sakamoto,Homem
Wilson Antonio Frezzatti Júnior,Homem
Eliane Christina De Souza,Mulher
Jadir Antunes,Homem
Arlei De Espíndola,Homem
Cezar Augusto Mortari,Homem
Décio Krause,Homem
Maria De Lourdes Alves Borges,Mulher
Delamar Jose Volpato Dutra,Homem
Darlei Dall Agnol,Homem
José Ricardo Pierpauli,Homem
Cláudia Pellegrini Drucker,Mulher
Arlene Reis,Mulher
Celso Reni Braida,Homem
João Eduardo Pinto Basto Lupi,Homem
Luiz Alberto Hebeche,Homem
Marcos Jose Muller Granzotto,Homem
Luis Felipe Bellintani Ribeiro,Homem
Selvino José Assmann,Homem
Alessandro Pinzani,Homem
Leo Afonso Staudt,Homem
Júlio César Burdzinski,Homem
Antonio Edmilson Paschoal,Homem
Bortolo Valle,Homem
Cesar Augusto Ramos,Homem
Daniel Omar Perez,Homem
Francisco Verardi Bocca,Homem
Ines Lacerda Araujo,Mulher
Jair Lopes Barboza,Homem
Jamil Ibrahim Iskandar,Homem
César Candiotto,Homem
Cleverson Leite Bastos,Homem
Rogério Miranda De Almeida,Homem
Juan Bautista Ritvo,Homem
Horacio Luján Martínez,Homem
Eladio Constantino Pablo Craia,Homem
José Luiz Ames,Homem
Alberto Oscar Cupani,Homem
Luiz Henrique De Araújo Dutra,Homem
Marco Antonio Franciotti,Homem
Gustavo Andres Caponi,Homem
Sônia Teresinha Felipe,Mulher
Guy Hamelin,Homem
Samuel José Simon Rodrigues,Homem
Scott Randall Paine,Homem
Julio Ramon Cabrera Alvarez,Homem
Nelson Gonçalves Gomes,Homem
Paulo Cesar Coelho Abrantes,Homem
Alex Sandro Calheiros De Moura,Homem
Gabriele Cornelli,Mulher
Estevão Chaves De Rezende Martins,Homem
Gerson Brea,Homem
Agnaldo Cuoco Portugal,Homem
Hilan Nissior Bensusan,Homem
Miroslav Milovic,Homem
Claúdio Araújo Reis,Homem
Anderson Gonçalves Da Silva,Homem
José Oscar Rodriguez De Dios,Homem
Andre Luis Muniz Garcia,Homem
Alexandre Hahn,Homem
Pedro Ergnaldo Gontijo,Homem
Evaldo Sampaio Da Silva,Homem
Loraine De Fátima Oliveira,Mulher
Marcio Gimenes De Paula,Homem
Erick Calheiros De Lima,Homem
Clara Britto Da Rocha Acker,Mulher
Priscila Rossinetti Rufinoni,Mulher
Hans Christian Klotz,Homem
Adriana Delbó Lopes,Mulher
Wagner De Campos Sanz,Homem
Renato Moscateli,Homem
José Ternes,Homem
Anderson De Paula Borges,Homem
Carla Milani Damião,Mulher
Marcia Zebina Araujo Da Silva,Mulher
Adriano Correia Silva,Homem
Martina Korelc,Mulher
Araceli Rosich Soares Velloso,Mulher
Helena Esser Dos Reis,Mulher
André Da Silva Porto,Homem
José Gonzalo Armijos Palacios,Homem
José Nicolau Heck,Homem
Jaqueline Stefani,Mulher
João Carlos Brum Torres,Homem
Nythamar Hilário Fernandes De Oliveira Júnior,Homem
André Brayner De Farias,Homem
André Antônio Ribeiro,Homem
Paulo César Nodari,Homem
Everaldo Cescon,Homem
Evaldo Antônio Kuiava,Homem
Itamar Soares Veiga,Homem
Idalgo José Sangalli,Homem
Anna Carolina Krebs Pereira Regner,Mulher
Alvaro Luiz Montenegro Valls,Homem
Roberto Hofmeister Pich,Homem
Nythamar Hilario Fernandes De Oliveira Junior,Homem
Norman Roland Madarasz,Homem
Felipe De Matos Müller,Homem
Agemir Bavaresco,Homem
Luiz Rohden,Homem
Mario Fleig,Homem
Marcelo Fernandes De Aquino,Homem
Inácio Helfer,Homem
Marco Antonio Oliveira De Azevedo,Homem
Robinson Dos Santos,Homem
Jovino Pizzi,Homem
Cláudio Roberto Cogo Leivas,Homem
Celso Cândido De Azambuja,Homem
Sofia Inês Albornoz Stein,Mulher
Adriano Naves De Brito,Homem
Alfredo Santiago Culleton,Homem
Denis Coitinho Silveira,Homem
João Francisco Nascimento Hobuss,Homem
Manoel Luís Cardoso Vasconcellos,Homem
Christian Gerhart Iber,Homem
Rodrigo Guimarães Nunes,Homem
Marcelo Gross Villanova,Homem
Tiegue Vieira Rodrigues,Homem
Delamar José Volpato Dutra,Homem
Clademir Luís Araldi,Homem
Carlos Adriano Ferraz,Homem
José Carlos Köche,Homem
Manfredo Araújo De Oliveira,Homem
Jayme Paviani,Homem
Castor Marí Martín Bartolomé Ruiz,Homem
Marcelo Fabri,Homem
Miguel Spinelli,Homem
Róbson Ramos Dos Reis,Homem
Christian Viktor Hamm,Homem
Albertinho Luiz Gallina,Homem
Ricardo Bins Di Napoli,Homem
Noeli Dutra Rossatto,Mulher
Frank Thomas Sautter,Homem
Paulo Sergio De Jesus Costa,Homem
Flavio Williges,Homem
Rogério Passos Severo,Homem
Ricardo Timm De Souza,Homem
Draiton Gonzaga De Souza,Homem
Urbano Zilles,Homem
Eduardo Luft,Homem
Thadeu Weber,Homem
Pablo Da Silveira,Homem
Sergio Ricardo Strefling,Homem
Sonia Maria Schio,Mulher
Rogério Fabianne Saucedo Correa,Homem
Ernildo Jacob Stein,Homem
Claudio Gonçalves De Almeida,Homem
Silvestre Grzibowski,Homem
Jose Lourenço Pereira Da Silva,Homem
Carlos Augusto Sartori,Homem
Jair Antonio Krassuski,Homem
Werner Ludwig Euler,Homem
Marco Antônio Franciotti,Homem
Kathrin Lerrer Rosenfield,Mulher
Inara Zanuzzi,Mulher
Eros Moreira De Carvalho,Homem
Raphael Zillig,Homem
Priscilla Tesch Spinelli,Mulher
Wladimir Barreto Lisboa,Homem
Jaime Parera Rebello,Homem
Paulo Francisco Estrella Faria,Homem
Nelson Fernando Boeira,Homem
Jose Alexandre Durry Guerzoni,Homem
Jônadas Techio,Homem
Silvia Altmann,Mulher
Fernando Pio De Almeida Fleck,Homem
Gerson Luiz Louzado,Homem
Alfredo Carlos Storck,Homem
Jose Pinheiro Pertille,Homem
Lia Levy,Mulher
Denis Lerrer Rosenfield,Homem
André Nilo Klaudat,Homem
Newton Carneiro Affonso Da Costa,Homem
Jaimir Conte,Homem
Remi Schorn,Homem
Ester Maria Dreher Heuser,Mulher
Tarcílio Ciotta,Homem
Marcelo Do Amaral Penna Forte,Homem
Wilson Antonio Frezzatti Junior,Homem
Alexandre Meyer Luz,Homem
Milene Consenso Tonetto,Mulher
Luciano Carlos Utteich,Homem
Claudinei Aparecido De Freitas Da Silva,Homem
Rosalvo Schutz,Homem
Antônio Mariano Nogueira Coelho,Homem
Roberto Wu,Homem
Aylton Barbieri Durão,Homem
Nazareno Eduardo De Almeida,Homem
Denilson Luís Werle,Homem
Alberto Marcos Onate,Homem
César Augusto Battisti,Homem
Vivianne De Castilho Moreira,Mulher
Eduardo Salles De Oliveira Barra,Homem
Luiz Damon Santos Moutinho,Homem
Vinicius Berlendis De Figueiredo,Homem
Zeljko Loparic,Homem
Horacio Lujan Martinez,Homem
Jorge Luiz Viesenteiner,Homem
Jelson Roberto De Oliveira,Homem
Kleber Bez Birolo Candiotto,Homem
Ericson Savio Falabretti,Homem
Henry Martin Burnett Junior,Homem
Maria Cristina Müller,Mulher
Charles Feldhaus,Homem
José Antônio Martins,Homem
Carlo Gabriel Kszan Pancera,Homem
Gilmar Henrique Da Conceição,Homem
Marcos Alexandre Gomes Nalli,Homem
Eder Soares Santos,Homem
Lourenço Zancanaro,Homem
Clodomiro Jose Bannwart Junior,Homem
Aguinaldo Antonio Cavalheiro Pavão,Homem
Marcos Rodrigues Da Silva,Homem
Mirian Donat,Mulher
José Mario Angeli,Homem
Sergio Tiski,Homem
Paulo Ricardo Martines,Homem
José Beluci Caporalini,Homem
Andréa Luisa Bucchile Faggion,Mulher
José Fernandes Weber,Homem
Max Rogério Vicentini,Homem
Cristiano Perius,Homem
Patrícia Coradim Sita,Mulher
Vladimir Chaves Dos Santos,Homem
José Antonio Martins,Homem
Arlei De Espindola,Homem
Robespierre De Oliveira,Homem
Wagner Dalla Costa Félix,Homem
Volney Edson Dos Santos,Homem
Gelson Liston,Homem
Elve Miguel Cenci,Homem
Marcos César Alvarez,Homem
Hélio Rebello Cardoso Junior,Homem
Cesar Candiotto,Homem
Leon Kossovitch,Homem
Pedro Monticelli,Homem
Tiago Fonseca Falkenbach,Homem
Leandro Neves Cardim,Homem
Rodrigo Brandão,Homem
Alexandre Noronha Machado,Homem
Maria Adriana Camargo Cappello,Mulher
Breno Hax Junior,Homem
Paulo Vieira Neto,Homem
Luiz Antonio Alves Eva,Homem
Andre De Macedo Duarte,Homem
Maria Isabel De Magalhães Papaterra Limongi,Mulher
Luiz Sérgio Repa,Homem
Lucio Souza Lobo,Homem
Marco Antonio Valentim,Homem
Walter Romero Menon Junior,Homem
Edelcio Gonçalves De Souza,Homem
Joel Gracioso,Homem
Djalma Medeiros,Homem
Rachel Gazolla De Andrade,Mulher
Carlos Eduardo Uchôa Fagundes Junior,Homem
José Carlos Bruni,Homem
Carlos Arthur Ribeiro Do Nascimento,Homem
Francisco Benjamin De Souza Netto,Homem
Maria Carolina Alves Dos Santos,Mulher
Franklin Leopoldo E Silva,Homem
Hélio Salles Gentil,Homem
Gilberto Tedeia,Homem
Marilia Mello Pisani,Mulher
Monique Hulshof,Mulher
Floriano Jonas Cesar,Homem
Paulo Henrique Fernandes Silveira,Homem
Regina André Rebollo,Mulher
Paulo Jonas De Lima Piva,Homem
Sonia Maria Dion,Mulher
Ivo Assad Ibri,Homem
Peter Pál Pelbart,Homem
Antonio José Romera Valverde,Homem
Marcelo Perine,Homem
Salma Tannus Muchail,Mulher
Mario Ariel González Porta,Homem
Alexandre De Oliveira Torres Carrasco,Homem
Jacira De Freitas,Mulher
Cesar Ribas Cezar,Homem
Sandro Kobol Fornazari,Homem
Arlenice Almeida Da Silva,Mulher
Eduardo Henrique Peiruque Kickhofel,Homem
Claudemir Roque Tossato,Homem
Mauricio Pagotto Marsola,Homem
Edson Luís De Almeida Teles,Homem
Silvio Rosa Filho,Homem
Juvenal Savian Filho,Homem
Fernando Dias Andrade,Homem
Ivo Da Silva Junior,Homem
Francisco De Ambrosis Pinheiro Machado,Homem
Marcelo Silva De Carvalho,Homem
Rodnei Antônio Do Nascimento,Homem
Rita De Cássia Souza Paiva,Mulher
Plínio Junqueira Smith,Homem
Olgária Chain Féres Matos,Homem
Sonia Campaner Miguel Ferrari,Mulher
Silvia Saviano Sampaio,Mulher
Márcio Alves Da Fonseca,Homem
Luciano Nervo Codato,Homem
Dulce Mara Critelli,Mulher
Jeanne Marie Gagnebin De Bons,Mulher
Antonio Trajano Menezes Arruda,Homem
Maria Constança Peres Pissarra,Mulher
Yolanda Glória Gamboa Muñoz,Mulher
Lucio Lourenço Prado,Homem
Pedro Geraldo Aparecido Novelli,Homem
Clelia Aparecida Martins,Mulher
Ricardo Pereira Tassinari,Homem
Ricardo Monteagudo,Homem
Ubirajara Rancan De Azevedo Marques,Homem
Jézio Hernani Bomfim Gutierre,Homem
Jonas Gonçalves Coelho,Homem
Hércules De Araújo Feitosa,Homem
Alfredo Pereira Junior,Homem
Mariana Claudia Broens,Mulher
Maria Eunice Quilici Gonzales,Mulher
Adrian Oscar Dongo Montoya,Homem
Pedro Paulo Da Costa Coroa,Homem
Leonel Ribeiro Dos Santos,Homem
Frederick Adams,Homem
Ana Maria Portich,Mulher
Matteo Raschietti,Homem
Daniel Gerardo Campos,Homem
Nuria Sanchez Madrid,Mulher
Thana Mara De Souza,Mulher
Lauro Frederico Barbosa Da Silveira,Homem
Carmen Beatriz Milidoni,Mulher
Willem Ferdinand Gerardus Haselager,Homem
Andrey Ivanov,Homem
Reinaldo Sampaio Pereira,Homem
Márcio Benchimol Barros,Homem
Marcelo Esteban Coniglio,Homem
Itala Maria Loffredo D Ottaviano,Mulher
Walter Alexandre Carnielli,Homem
José Oscar De Almeida Marques,Homem
Eneias Junior Forlin,Homem
Roberto Romano Da Silva,Homem
Oswaldo Giacoia Junior,Homem
Osmyr Faria Gabbi Junior,Homem
Marcos Severino Nobre,Homem
Marcos Lutz Müller,Homem
Jose Carlos Pinto De Oliveira,Homem
Fatima Regina Rodrigues Evora,Mulher
Arley Ramos Moreno,Homem
Alcides Hector Rodriguez Benoit,Homem
Luiz Benedicto Lacerda Orlandi,Homem
Yara Adario Frateschi,Mulher
Lucas Angioni,Homem
Silvio Seno Chibeni,Homem
Jairo José Da Silva,Homem
Luiz Roberto Monzani,Homem
Fausto Castilho,Homem
João Carlos Kfouri Quartim De Moraes,Homem
Márcio Augusto Damin Custódio,Homem
Luiz Henrique Lopes Dos Santos,Homem
Léon Kossovitch,Homem
Moacyr Ayres Novaes Filho,Homem
Celso Fernando Favaretto,Homem
Sérgio Cardoso,Homem
Roberto Bolzani Filho,Homem
Ricardo Ribeiro Terra,Homem
Pablo Rubén Mariconda,Homem
Milton Meira Do Nascimento,Homem
Maria Lúcia Mello E Oliveira Cacciola,Mulher
Marco Antonio De Avila Zingano,Homem
Maurício De Carvalho Ramos,Homem
Luís César Guimarães Oliva,Homem
Marco Aurélio Werle,Homem
Victor Knoll,Homem
Mário Miranda Filho,Homem
Márcio Suzuki,Homem
Luiz Fernando Batista Franklin De Matos,Homem
João Vergílio Gallerani Cuter,Homem
José Carlos Estevão,Homem
Scarlett Zerbetto Marton,Mulher
Rolf Nelson Kuntz,Homem
Renato Janine Ribeiro,Homem
Paulo Eduardo Arantes,Homem
Carlos Eduardo Silveira Matos,Homem
Marilena De Souza Chaui,Mulher
Lygia Araujo Watanabe,Mulher
Ruy Fausto,Homem
José Arthur Giannotti,Homem
Otília Beatriz Fiori Arantes,Homem
Jose Raymundo Novaes Chiappin,Homem
Carlos Alberto Ribeiro De Moura,Homem
Caetano Ernesto Plastino,Homem
Maria Das Graças De Souza,Mulher
Júlio César Coelho De Rose,Homem
Delmar Araújo Cardoso,Homem
Fernando Eduardo De Barros Rey Puente,Homem
Werner Spaniol,Homem
José Antonio Damásio Abib,Homem
Paulo Roberto Licht Dos Santos,Homem
José Eduardo Marques Baioni,Homem
Silene Torres Marques,Mulher
Bento Prado De Almeida Ferraz Neto,Homem
Thelma Silveira Mota Lessa Da Fonseca,Mulher
Vladimir Pinheiro Safatle,Homem
Rodrigo Bacellar Da Costa E Silva,Homem
Tessa Moura Lacerda,Mulher
Ricardo Nascimento Fabbrini,Homem
Alberto Ribeiro Gonçalves De Barros,Homem
Fernão De Oliveira Salles Dos Santos Cruz,Homem
Carlos Eduardo De Oliveira,Homem
Luís Fernandes Dos Santos Nascimento,Homem
Marisa Da Silva Lopes,Mulher
Débora Cristina Morato Pinto,Mulher
Richard Theisen Simanke,Homem
João De Fernandes Teixeira,Homem
Wolfgang Leo Maar,Homem
Mark Julian Richter Cass,Homem
Lorenzo Mammi,Homem
Osvaldo Frota Pessoa Junior,Homem
Homero Silveira Santiago,Homem
Andréa Maria Altino De Campos Loparic,Mulher
Pedro Paulo Garrido Pimenta,Homem
Eduardo Brandao,Homem
Elton Vitoriano Ribeiro,Homem
Edil Carvalho Guedes Filho,Homem
Maurício Cardoso Keinert,Homem
Marcus Sacrini Ayres Ferraz,Homem
Ibraim Vitor De Oliveira,Homem
Carlos Roberto Drawin,Homem
Álvaro Mendonça Pimentel,Homem
Ulpiano Vazquez Moro,Homem
Flávio Augusto Senra Ribeiro,Homem
Paulo Roberto Margutti Pinto,Homem
Rainer Câmara Patriota,Homem
Rodrigo Antônio De Paiva  Duarte,Homem
Pedro Süssekind Viveiros De Castro,Homem
Alice Mara Serra,Mulher
Marco Heleno Barreto,Homem
Alexandre Guimarães Tadeu De Soares,Homem
Bento Itamar Borges,Homem
Alcino Eduardo Bonella,Homem
Marcio Chaves Tannus,Homem
Olímpio José Pimenta Neto,Homem
Imaculada Maria Guimarães Kangussu,Mulher
Romero Alves Freitas,Homem
Rafael Cordeiro Silva,Homem
Jairo Dias Carvalho,Homem
Sertório De Amorim E Silva Neto,Homem
Rubens Garcia Nunes Sobrinho,Homem
Maria Socorro Ramos Militão,Mulher
Leonardo Ferreira Almada,Homem
Luciana Da Costa Dias,Mulher
Emílio Carlos Roscoe Maciel,Homem
Bruno Almeida Guimarães,Homem
Cíntia Vieira Da Silva,Mulher
Gilson De Paulo Moreira Iannini,Homem
Guiomar Maria De Grammont Machado De Araujo E Souza,Mulher
Hélio Lopes Da Silva,Homem
Douglas Garcia Alves Júnior,Homem
José Luiz Furtado,Homem
Francisco Javier Herrero Botín,Homem
João Augusto Anchieta Amazonas Mac Dowell,Homem
Carlos Gustavo Gonzalez,Homem
Anselmo Tadeu Ferreira,Homem
José Benedito De Almeida Junior,Homem
Dennys Garcia Xavier,Homem
Ana Maria Said,Mulher
Georgia Cristina Amitrano,Mulher
Jakob Hans Josef Schneider,Homem
Humberto Aparecido De Oliveira Guido,Homem
Simeao Donizete Sass,Homem
Marcos César Seneda,Homem
Tadeu Mazzola Verza,Homem
Giorgia Cecchinato,Mulher
André Joffily Abath,Homem
Maria Cecilia De Miranda Nogueira Coelho,Mulher
Patricia Maria Kavark Leite,Mulher
Ernesto Perini Frizzera Da Mota Santos,Homem
Míriam Campolina Diniz Peixoto,Mulher
Telma De Souza Birchal,Mulher
Mauro Luiz Engelmann,Homem
Abílio Azambuja Rodrigues Filho,Homem
Jacyntho José Lins Brandão,Homem
Rogério Antônio Lopes,Homem
Túlio Roberto Xavier De Aguiar,Homem
Eduardo Soares Neves Silva,Homem
Rodrigo Antônio De Paiva Duarte,Homem
Newton Bignotto De Souza,Homem
Marcelo Pimenta Marques,Homem
Lívia Mara Guimarães,Mulher
Leonardo Alves Vieira,Homem
José Raimundo Maia Neto,Homem
Ivan Domingues,Homem
Ester Vaisman Chasin,Mulher
Helton Machado Adverse,Homem
Verlaine Freitas,Mulher
Virginia De Araujo Figueiredo,Mulher
Maria Helena Lisboa Da Cunha,Mulher
Marly Bulcão Lassance Britto,Mulher
Antonio Augusto Passos Videira,Homem
Rosa Maria Dias,Mulher
Luiz Bernardo Leite Araújo,Homem
Vera Maria Portocarrero,Mulher
Marco Antonio Dos Santos Casa Nova,Homem
James Bastos Arêas,Homem
Márcia Cristina Ferreira Gonçalves,Mulher
Karla De Almeida Chediak,Mulher
Ricardo José Corrêa Barbosa,Homem
Luiz Eduardo De Oliveira Bicca,Homem
João Ricardo Carneiro Moderno,Homem
Dirce Eleonora Nigro Solis,Mulher
Marcelo De Araújo,Homem
Edgar Da Rocha Marques,Homem
Antonio Frederico Saturnino Braga,Homem
Ivair Coelho Lisboa Rademaker De Nogueira Itagiba Filho,Homem
Elena Moraes Garcia,Mulher
Marcos André Gleizer,Homem
Déborah Danowski,Mulher
Kátia Rodrigues Muricy,Mulher
Paulo Cesar Duque Estrada,Homem
Carlos Diógenes Côrtes Tourinho,Homem
Guilherme Louis Wyllie Medici,Homem
Paulo Sergio Faitanin,Homem
Luís Felipe Bellintani Ribeiro,Homem
Jose Maria Arruda De Sousa,Homem
Celso Martins Azar Filho,Homem
Tereza Cristina Barreto Calomeni,Mulher
Vladimir Menezes Vieira,Homem
Dirk Greimann,Homem
Cláudio Oliveira Da Silva,Homem
Bernardo Barros Coelho De Oliveira,Homem
Andre Jacques Louis Adrien Berten,Homem
Fabiano De Lemos Britto,Homem
Camila Rodrigues Jourdan,Mulher
Izabela Aquino Bocayúva,Mulher
Luiz Carlos Pinheiro Dias Pereira,Homem
Noeli Ramme,Mulher
Noel Struchiner,Homem
Felipe Sussekind Viveiros De Castro,Homem
Edgar De Brito Lyra Netto,Homem
Ludovic Soutif,Homem
Irley Fernandes Franco,Homem
Eduardo Jardim De Moraes,Homem
Maura Iglésias,Mulher
Alice Bitencourt Haddad,Mulher
Oswaldo Chateaubriand Filho,Homem
Luiz Camillo Dolabella Portella Osorio De Almeida,Homem
Edgard José Jorge Filho,Homem
Danilo Marcondes De Souza Filho,Homem
Vera Cristina Goncalves De Andrade Bueno,Mulher
Patrick Estellita Cavalcanti Pessoa,Homem
Marcus Reis Pinheiro,Homem
Dag Prawitz,Homem
Márcia Sá Cavalcante Schuback,Mulher
Fernando Décio Porto Muniz,Homem
Guido Imaguire,Homem
Carolina De Melo Bomfim Araujo,Mulher
Rodrigo Guerizoli Teixeira,Homem
Pedro Costa Rego,Homem
Marina Isabel Velasco,Mulher
Ulysses Pinheiro,Homem
Roberto Horacio De Sa Pereira,Homem
Ethel Menezes Rocha,Mulher
Maria Das Gracas De Moraes Augusto,Mulher
Alberto Oliva,Homem
Marco Antonio Caron Ruffino,Homem
Guido Antonio De Almeida,Homem
Raul Ferreira Landim Filho,Homem
Rafael Haddock Lobo,Homem
Marcelo Martins Barreira,Homem
José Pedro Luchi,Homem
Edebrande Cavalieri,Homem
Fernando Mendes Pessoa,Homem
Ricardo Luiz Silveira Da Costa,Homem
Jorge Augusto Da Silva Santos,Homem
Cláudia Pereira Do Carmo Murta,Homem
Roberto Cabral De Melo Machado,Homem
Franklin Trein,Homem
Aquiles Cortes Guimaraes,Homem
Henrique Fortuna Cairus,Homem
Jean Yves Beziau,Homem
Susana De Castro Amaral Vieira,Mulher
Adriany Ferreira De Mendonca,Mulher
Carla Costa Pinto Francalanci,Mulher
Andre Martins Vilar De Carvalho,Homem
Fernando Antonio Soares Fragozo,Homem
Fernando Augusto Da Rocha Rodrigues,Homem
Michael Alain Soubbotnik,Homem
Fabio Di Clemente,Homem
Antônio Vidal Nunes,Homem
Ricardo Corrêa De Araujo,Homem
Arthur Octávio De Melo Araújo,Homem
Filipe Ceppas De Carvalho E Faria,Homem
Luiz Alberto Cerqueira Batista,Homem
Ricardo Jardim Andrade,Homem
Fernando Jose De Santoro Moreira,Homem
Guilherme Castelo Branco,Homem
Gilvan Luiz Fogel,Homem
Wilson John Pessoa Mendonca,Homem
Maria Clara Marques Dias,Mulher
Aldo Lopes Dinucci,Homem
Antonio Carlos Dos Santos,Homem
Edmilson Menezes Santos,Homem
Elyana Barbosa,Mulher
Juliana Ortegosa Aggio,Mulher
Rafael Lopes Azize,Homem
Jarlee Oliveira Silva Salviano,Homem
Abel Lassalle Casanave,Homem
Carlota Maria Ibertis De Lassalle Casanave,Mulher
Rosa Gabriella De Castro Gonçalves,Mulher
José Lourenço Araújo Leite,Homem
Genildo Ferreira Da Silva,Homem
Daniel Tourinho Peres,Homem
Wilson Da Silva Gomes,Homem
Sílvia Faustino De Assis Saes,Homem
Waldomiro José Da Silva Filho,Homem
Olival Freire Junior,Homem
Nancy Mangabeira Unger,Mulher
Adilson Alciomar Koslowski,Homem
Monclar Eduardo Góes De Lima Valverde,Homem
Mauro Castelo Branco De Moura,Homem
José Crisóstomo De Souza,Homem
Edvaldo Souza Couto,Homem
Acylene Maria Cabral Ferreira,Mulher
João Carlos Salles Pires Da Silva,Homem
Sonia Barreto Freire,Mulher
Marcos Ribeiro Balieiro,Homem
Sergio Hugo Menna,Homem
Antonio Jose Pereira Filho,Homem
Everaldo Vanderlei De Oliveira,Homem
Oliver Tolle,Homem
Constanca Terezinha Marcondes Cesar,Mulher
Evaldo Becker,Homem
Romero Junior Venancio Silva,Homem
Cicero Cunha Bezerra,Homem
Rodrigo Jungmann De Castro,Homem
Marco Aurelio Oliveira Da Silva,Homem
Vincenzo Di Matteo,Homem
Junot Cornélio Matos,Homem
Juan Adolfo Bonaccini,Homem
Luiz Vicente Vieira,Homem
Marcelo Luiz Pelizzoli,Homem
Richard Romeiro Oliveira,Homem
Marcos Roberto Nunes Costa,Homem
Thiago André Moura De Aquino,Homem
Sandro Márcio Moura De Sena,Homem
Anastácio Borges De Araújo Júnior,Homem
Sandro Cozza Sayão,Homem
Érico Andrade Marques De Oliveira,Homem
Alfredo De Oliveira Moraes,Homem
Washington Luiz Martins Da Silva,Homem
Tarik De Athayde Prata,Homem
Fernando Raul De Assis Neto,Homem
Jesus Vázquez Torres,Homem
Giovanni Da Silva De Queiroz,Homem
Fernando Jader De Magalhães Melo,Homem
Witold Skwara,Homem
Matias Francisco Dias,Homem
Andre Joffily Abath,Homem
Ricardo Sousa Silvestre,Homem
Anderson D'arc Ferreira,Homem
Edrisi De Araujo Fernandes,Homem
Rodrigo Ribeiro Alves Neto,Homem
Sergio Luis Persch,Homem
André Leclerc,Homem
Giuseppe Tosi,Homem
Glenn Walter Erickson,Homem
Claudio Ferreira Costa,Homem
José Gabriel Trindade Santos,Homem
Marconi José Pimentel Pequeno,Homem
Antonio Rufino Vieira,Homem
Edmilson Alves De Azevedo,Homem
Iraquitan De Oliveira Caminha,Homem
Oscar Federico Bauchwitz,Homem
Deyve Redyson Melo Dos Santos,Homem
Bartolomeu Leite Da Silva,Homem
Abrahão Costa Andrade,Homem
Narbal De Marsillac Fontes,Homem
José Eduardo De Almeida Moura,Homem
Maria Cristina Longo Cardoso Dias,Mulher
Robson Costa Cordeiro,Homem
Cinara Maria Leite Nahra,Mulher
Markus Figueira Da Silva,Homem
Jesus Vazquez Torres,Homem
Paulo Tarso Cabral De Medeiros,Homem
Miguel Antonio Do Nascimento,Homem
Gisele Amaral Dos Santos,Mulher
Cícero Cunha Bezerra,Homem
Ana Thereza De Miranda Cordeiro Dürmaier,Mulher
Ana Lêda De Araújo,Mulher
Candida Jaci De Sousa Melo,Mulher
Bruno Rafaelo Lopes Vaz,Homem
Sergio Luis Rizzo Dela Savia,Homem
Eduardo Anibal Pellejero,Homem
Joao Marcos De Almeida,Homem
Daniel Arruda Nascimento,Homem
Monalisa Carrilho De Macedo,Mulher
Maria Da Paz Nunes De Medeiros,Mulher
Fernanda Machado De Bulhoes,Mulher
Daniel Durante Pereira Alves,Homem
Antonio Vieira Da Silva Filho,Homem
José Rômulo Soares,Homem
Ruy De Carvalho Rodrigues Junior,Homem
Antonio Glaudenir Brasil Maia,Homem
Luis Alexandre Dias Do Carmo,Homem
Ilana Viana Do Amaral,Mulher
José Expedito Passos Lima,Homem
Francisco José Soares Teixeira,Homem
Alessandro Rodrigues Pimenta,Homem
Luizir De Oliveira,Homem
Aldir Araújo Carvalho Filho,Homem
Zoraida Maria Lopes Feitosa,Mulher
João Emiliano Fortaleza De Aquino,Homem
Emanuel Angelo Da Rocha Fragoso,Homem
Regenaldo Rodrigues Da Costa,Homem
Maria Terezinha De Castro Callado,Mulher
Jan Gerard Joseph Ter Reegen,Homem
Eduardo Jorge Oliveira Triandopolis,Homem
Marly Carvalho Soares,Mulher
Helder Buenos Aires De Carvalho,Homem
Emerson Carlos Valcarenghi,Homem
Custódio Luis Silva De Almeida,Homem
Odílio Alves Aguiar,Homem
Ivanhoé Albuquerque Leal,Homem
Alípio De Sousa Filho,Homem
Átila Amaral Brilhante,Homem
Marcel Franz Otto Niquet,Homem
Andrea Vestrucci,Mulher
Luiz Felipe Netto De Andrade E Silva Sahd,Homem
Fernando Ribeiro De Moraes Barros,Homem
José Carlos Silva De Almeida,Homem
Evanildo Costeski,Homem
Konrad Christoph Utz,Homem
Dilmar Santos De Miranda,Homem
Eduardo Ferreira Chagas,Homem
Kleber Carneiro Amora,Homem
Jovelina Maria Ramos De Souza,Mulher
Nelson José De Souza Junior,Homem
Mauricio Rodrigues De Souza,Homem
Maria Aparecida De Paiva Montenegro,Mulher
Gerson Albuquerque De Araújo Neto,Homem
Almir Ferreira Da Silva Júnior,Homem
Rosario Pecoraro,Mulher
Elnôra Maria Gondim Machado Lima,Mulher
Roberto De Almeida Pereira De Barros,Homem
Luís Eduardo Ramos De Souza,Homem
Agostinho De Freitas Meirelles,Homem
Elizabeth De Assis Dias,Mulher
Ernani Pinheiro Chaves,Homem
Emanuel Ricardo Germano Nunes,Homem
Guilherme Ghisoni Da Silva,Homem
Fernando Herren Fernandes Aguillar,Homem
Cecília Maria Pinto Pires,Mulher
Rafael Capurro,Homem
Maria Valderez De Colletes Negreiros,Mulher
Antonio Sergio Da Costa Nunes,Homem
Maria Cláudia Cabrini Grácio,Mulher
Alessandra Vannucci,Mulher
Elias Humberto Alves,Homem
Carlos Eduardo Uchôa Fagundes Júnior,Homem
Mauricio Cardoso Keinert,Homem
Oswaldo Porchat De Assis Pereira Da Silva,Homem
João Paulo Gomes Monteiro,Homem
Adriany Ferreira De Mendonça,Mulher
Maria Celeste De Sousa,Mulher
Inacio Reinaldo Strieder,Homem
José Antonio Saja Ramos Neves Dos Santos,Homem
Abel Reboucas Sao Jose,Homem
Nelson Matos De Noronha,Homem
Markus Gabriel,Homem
Cézar Luís Seibt,Homem
Jorge Adriano Lubenow,Homem
Maria Cristina De Tavora Sparano,Mulher
José Sérgio Duarte Da Fonseca,Homem
Luciano Donizetti Da Silva,Homem
Maria Cecilia Maringoni De Carvalho,Mulher
Valerio Rohden,Homem
Chiara Piazzesi,Mulher
Marco Antonio De Ávila Zingano,Homem
Joãosinho Beckenkamp,Homem
Plinio Walder Prado Junior,Homem
Tristan Guillermo Torriani,Homem
Mário Rodrigues Videira Junior,Homem
Katia Regina Kato Justi,Mulher
Margit Ruffing,Mulher
Lafayette De Moraes,Homem
Joel Alves De Souza,Homem
Luciana Zaterka,Mulher
Olinto Antonio Pegoraro,Homem
Barbara Botter,Mulher
Oswaldo Giacoia Júnior,Homem
Nilo Ribeiro Júnior,Homem
Geraldo Luiz De Mori,Homem
Desidério Orlando Figueiredo Murcho,Homem
Mário Nogueira De Oliveira,Homem
Emmanuel Carneiro Leao,Homem
Dario Alves Teixeira Filho,Homem
Flavio Rene Kothe,Homem
Fábio Maia Sobral,Homem
Juliano Fellini,Homem
Miguel Gally De Andrade,Homem
Terezinha Petrucia Da Nobrega,Mulher
Ângela Maria Paiva Cruz,Mulher
Valério Rohden,Homem
Cláudio Gonçalves De Almeida,Homem
Reinholdo Aloysio Ullmann,Homem
Carmen Segura Peraita,Mulher
Sinesio Ferraz Bueno,Homem
Douglas Garcia Alves Junior,Homem
Denilson Luis Werle,Homem
Plinio Junqueira Smith,Homem
Alain Grosrichard,Homem
Michaella Carla Laurindo,Mulher
Miriam Campolina Diniz Peixoto,Mulher
Edson Peixoto De Resende Filho,Homem
Maria Da Penha Felicio Dos Santos De Carvalho,Mulher
Flávio Beno Siebeneichler,Homem
José Nicolao Julião,Homem
Jorge Luiz Rocha De Vasconcellos,Homem
Paulo Guilherme Domenech Oneto,Homem
Marco Vanzulli,Homem
Balthazar Barbosa Filho,Homem
Camille Riquier,Mulher
Saulo De Freitas Araujo,Homem
Marisa Carneiro De Oliveira Franco Donatelli,Mulher
Júlio Celso Ribeiro De Vasconcelos,Homem
Paulo Tadeu Da Silva,Homem
Erico Andrade Marques De Oliveira,Homem
Marco Antônio De Ávila Zingano,Homem
Iracema Maria De Macedo Goncalves Da Silva,Mulher
Joao Miguel Biscaia Valadas Branquinho,Homem
Tarcísio Haroldo Cavalcante Pequeno,Homem
Márcio Petrocelli Paixão,Homem
Henrique Graciano Murachco,Homem
Eduardo Ramalho Rabenhorst,Homem
Heleno Cesarino,Homem
Nélio Vieira De Melo,Homem
Sérgio Ricardo Vieira Ramos,Homem
Inácio Reinaldo Strieder,Homem
Vera Alves Cepêda,Mulher
Carlos Roberto Velho Cirne Lima,Homem
José Nedel,Homem
Sara Albieri,Mulher
Pergentino Stefano Pivatto,Homem
Nythamar Hilario Fernandes De Oliveira Júnior,Homem
Luis Alberto De Boni,Homem
Rogério Fabianne Saucedo Corrêa,Homem
Eliane Robert Moraes,Mulher
Pedro De Moraes Rego E Freitas Santos,Homem
Fernao De Oliveira Salles Dos Santos Cruz,Homem
Maurício Pagotto Marsola,Homem
Karel Novotny,Homem
Gilson Moraes Motta,Homem
Tania Alice Caplain Feix,Mulher
Carlos Alberto Gomes Dos Santos,Homem
Mario Antonio De Lacerda Guerreiro,Homem
Walter José Evangelista,Homem
Giovanni Casertano,Homem
Sérgio Ricardo Neves De Miranda,Homem
Daniel Soares Lins,Homem
João Marcos De Almeida,Homem
Ana Thereza De Miranda Cordeiro Durmaier,Mulher
Anastácio Borges De Araújo Junior,Homem
Abrahao Costa Andrade,Homem
Emmanuel Carneiro Leão,Homem
Fernando José De Santoro Moreira,Homem
Wilson John Pessoa Mendonça,Homem
Judith Polsky Baker,Mulher
Ian Hacking,Homem
Jose Antonio De Camargo Rodrigues De Souza,Homem
Ana Miriam Wuensch,Mulher
Marcia Zebina Araújo,Mulher
Jose Carlos Avelino Da Silva,Homem
Mauricio De Carvalho Ramos,Homem
Eunice Ostrensky,Mulher
Gregorio Piaia,Homem
Heiner F. Klemme,Homem
Maria Candida Soares Del Masso Clavisio,Mulher
Iracema Maria De Macedo Gonçalves Da Silva,Mulher
Heloisa Maria Murgel Starling,Mulher
Felix Alejandro Piñeiro Pastor,Homem
Francisco Javier Herrero Botin,Homem
Luzia Gontijo Rodrigues,Mulher
Bento Prado De Almeida Ferraz Junior,Homem
Luigi Bordin,Homem
Aquiles Cortes Guimarães,Homem
André Martins Vilar De Carvalho,Homem
Maria Da Graca Franco Ferreira Schalcher,Mulher
Sérgio Luiz De Castilho Fernandes,Homem
Garibaldi Monteiro Sarmento,Homem
Claudia D'amico,Mulher
Mario Caimi,Homem
Emanuel Ângelo Da Rocha Fragoso,Homem
Zélia Maria Dantas De Oliveira,Mulher
Roberto Markenson,Homem
Walteir José Da Silva,Homem
Francisco Adegildo Férrer,Homem
Vera Lúcia Caldas Vidal,Mulher
José Maria Arruda De Sousa,Homem
Mirtes Mirian Amorim Maciel,Mulher
Antônio Colaço Martins,Homem
Sylvia Peixoto Leão Almeida,Mulher
Karen Franklin Da Silva,Mulher
Celso De Moraes Pinheiro,Homem
Eduardo Diatay Bezerra De Menezes,Homem
Francisco Manfredo Thomaz Ramos,Homem
Gregório Piaia,Homem
Nelci Do Nascimento Gonçalves,Mulher
Luis Cláudio Pfeil,Homem
Jose Silveira Da Costa,Homem
Ubiratan Borges De Macedo,Homem
Vicente De Paulo Barretto,Homem
Maria Raquel Vidigal Movschowitz,Mulher
Cláudio William Veloso,Homem
Sandra Neves Abdo,Mulher
André Jacques Louis Adrien Berten,Homem
Dante Augusto Galeffi,Homem
Jorge Luiz Bezerra Nóvoa,Homem
José Benjamim Picado Sousa E Silva,Homem
Naomar Monteiro De Almeida Filho,Homem
Michel Henri Lucien Georges Paty,Homem
Hugh Matthew Lacey,Homem
Osmyr Faria Gabbi Júnior,Homem
José Carlos Pinto De Oliveira,Homem
Fatima Regina Rodrigues Évora,Mulher
Yara Adário Frateschi,Mulher
Maria Sylvia De Carvalho Franco,Mulher
Bento Prado De Almeida Ferraz Júnior,Homem
Thais Curi Beaini,Mulher
Benedito Eliseu Leite Cintra,Homem
Paulo Eduardo De Oliveira,Homem
Anita Helena Schlesener,Mulher
Natalia Maruyama Rougier,Mulher
André Theodor Fuhrmann,Homem
Ernesto Maria Giusti,Homem
Isabel Maria Frederico Rodrigues Loureiro,Mulher
Maria Da Graca C F E Ferraz,Mulher
João Fernando Marar,Homem
Lourenço Chacon Jurado Filho,Homem
Edson Sekeff Zampronha,Homem
Sérgio Tosi Rodrigues,Homem
Joel Pimentel De Ulhoa,Homem
Jordino Assis Dos Santos Marques,Homem
Marcia Angelita Tiburi,Mulher
Hugh Lacey,Homem
Adelson Antônio Da Silva Santos,Homem
Mathias Kaufmann,Homem
Wilton Barroso Filho,Homem
Cláudio Araújo Reis,Homem
Hans Georg Flickinger,Homem
José Henrique Santos,Homem
Maria Theresa Vaz Calvet De Magalhães,Mulher
Alberto Alonso Muñoz,Homem
Joao Carlos Kfouri Quartim De Moraes,Homem
Marcos Lutz Muller,Homem
Jose Oscar De Almeida Marques,Homem
Donaldo Schüler,Homem
Alejandro Serrano Caldera,Homem
Marcelo Dascal,Homem
Varda Dascal,Mulher
Rolf Peter Horstman,Homem
Maria Luisa Ribeiro Ferreira,Mulher
Luiz Manoel Lopes,Homem
Nelson Jose De Souza Junior,Homem
Luis Eduardo Ramos De Souza,Homem
Almir Ferreira Da Silva Junior,Homem
Wellistany Carvalho Viana,Homem
Gustavo Silvano Batista,Homem
Edna Maria Magalhaes Do Nascimento,Mulher
Gerson Albuquerque De Araujo Neto,Homem
Aldir Araujo Carvalho Filho,Homem
Elnora Maria Gondim Machado Lima,Mulher
Andre Leclerc,Homem
Luis Filipe Estevinha Lourenco Rodrigues,Homem
Odilio Alves Aguiar,Homem
Jose Carlos Silva De Almeida,Homem
Atila Amaral Brilhante,Homem
Ivanhoe Albuquerque Leal,Homem
Hugo Filgueiras De Araujo,Homem
Manfredo Araujo De Oliveira,Homem
Jose Gabriel Trindade Santos,Homem
Custodio Luis Silva De Almeida,Homem
Cicero Antonio Cavalcante Barroso,Homem
Jose Romulo Soares,Homem
Francisco Jose Soares Teixeira,Homem
Joao Emiliano Fortaleza De Aquino,Homem
Jose Expedito Passos Lima,Homem
Estenio Ericson Botelho De Azevedo,Homem
Jose Eduardo De Almeida Moura,Homem
Alipio De Sousa Filho,Homem
Antonio Basilio Novaes Thomaz De Menezes,Homem
Jordi Carmona Hurtado,Homem
Joel Thiago Klein,Homem
Frode Bjordal,Homem
Enoque Feitosa Sobreira Filho,Homem
Anderson Darc Ferreira,Homem
Rodrigo Silva Rosal De Araujo,Homem
Maria Clara Cescato,Mulher
Marconi Jose Pimentel Pequeno,Homem
Maria Simone Marinho Nogueira,Mulher
Ana Leda De Araujo,Mulher
Fernando Jader De Magalhaes Melo,Homem
Thomaz Massadi Kawauche,Homem
William De Siqueira Piaui,Homem
Rodrigo Pinto De Brito,Homem
Maria Das Gracas De Souza,Mulher
Joao Carlos Salles Pires Da Silva,Homem
Silvia Faustino De Assis Saes,Mulher
Monclar Eduardo Goes De Lima Valverde,Homem
Rosa Gabriella De Castro Goncalves,Mulher
Waldomiro Jose Da Silva Filho,Homem
Jose Lourenco Araujo Leite,Homem
Jose Crisostomo De Souza,Homem
Arthur Octavio De Melo Araujo,Homem
Jose Pedro Luchi,Homem
Ricardo Correa De Araujo,Homem
Claudia Pereira Do Carmo Murta,Mulher
Antonio Vidal Nunes,Homem
Fabio Perin Shecaira,Homem
Francisco Jose Dias De Moraes,Homem
Eduardo Ribeiro Moreira,Homem
Admar Almeida Da Costa,Homem
Carlos Diogenes Cortes Tourinho,Homem
Pedro Duarte De Andrade,Homem
Fernando Decio Porto Muniz,Homem
Claudio Oliveira Da Silva,Homem
Pedro Sussekind Viveiros De Castro,Homem
Alexandre Da Silva Costa,Homem
Marcelo De Araujo,Homem
Marly Bulcao Lassance Britto,Mulher
Ricardo Jose Correa Barbosa,Homem
Marcos Andre Gleizer,Homem
Izabela Aquino Bocayuva,Mulher
Alexandre Marques Cabral,Homem
Luiz Bernardo Leite Araujo,Homem
Joao Ricardo Carneiro Moderno,Homem
Marcia Cristina Ferreira Goncalves,Mulher
James Bastos Areas,Homem
Luisa Severo Buarque De Holanda,Mulher
Edgard Jose Jorge Filho,Homem
Rodrigo Guimaraes Nunes,Homem
Deborah Danowski,Mulher
Maura Iglesias,Mulher
Katia Rodrigues Muricy,Mulher
Tulio Roberto Xavier De Aguiar,Homem
Jose Raimundo Maia Neto,Homem
Leonardo De Mello Ribeiro,Homem
Rogerio Antonio Lopes,Homem
Jacyntho Jose Lins Brandao,Homem
Joaosinho Beckenkamp,Homem
Abilio Azambuja Rodrigues Filho,Homem
Rodrigo Antonio De Paiva Duarte,Homem
Livia Mara Guimaraes,Mulher
Marcos Cesar Seneda,Homem
Jose Benedito De Almeida Junior,Homem
Alexandre Guimaraes Tadeu De Soares,Homem
Maria Socorro Ramos Militao,Mulher
Sertorio De Amorim E Silva Neto,Homem
Imaculada Maria Guimaraes Kangussu,Mulher
Jose Luiz Furtado,Homem
Olimpio Jose Pimenta Neto,Homem
Bruno Almeida Guimaraes,Homem
Rainer Camara Patriota,Homem
Helio Lopes Da Silva,Homem
Cintia Vieira Da Silva,Mulher
Emilio Carlos Roscoe Maciel,Homem
Flavio Augusto Senra Ribeiro,Homem
Delmar Araujo Cardoso,Homem
Claudia Maria Rocha De Oliveira,Mulher
Massimo Pampaloni,Homem
Alvaro Mendonca Pimentel,Homem
Joao Batista Libanio,Homem
Joao Augusto Anchieta Amazonas Mac Dowell,Homem
Jose Eduardo Marques Baioni,Homem
Alexandre Guilherme Barroso De Matos Franco De Sa,Homem
Luis Fernandes Dos Santos Nascimento,Homem
Debora Cristina Morato Pinto,Mulher
Joao De Fernandes Teixeira,Homem
Julio Cesar Coelho De Rose,Homem
Ana Carolina Soliva Soria,Mulher
Jose Antonio Damasio Abib,Homem
Andrea Maria Altino De Campos Loparic,Mulher
Marcos Barbosa De Oliveira,Homem
Valter Alnis Bezerra,Homem
Maria Lucia Mello E Oliveira Cacciola,Mulher
Pablo Ruben Mariconda,Homem
Jose Carlos Estevao,Homem
Marco Aurelio Werle,Homem
Jose Arthur Giannotti,Homem
Luis Cesar Guimaraes Oliva,Homem
Sergio Cardoso,Homem
Alberto Ribeiro Goncalves De Barros,Homem
Mario Miranda Filho,Homem
Marcio Suzuki,Homem
Edelcio Goncalves De Souza,Homem
Luiz Sergio Repa,Homem
Olgaria Chain Feres Matos,Mulher
Joao Vergilio Gallerani Cuter,Homem
Jairo Jose Da Silva,Homem
Alcides Hector Rodriguez Bendit,Homem
Taisa Helena Pascale Palhares,Mulher
Fátima Regina Rodrigues Evora,Mulher
Marcio Augusto Damin Custodio,Homem
Jezio Hernani Bomfim Gutierre,Homem
Marcio Benchimol Barros,Homem
Jonas Goncalves Coelho,Homem
Marcos Antonio Alves,Homem
Kleber Cecon,Homem
Hercules De Araujo Feitosa,Homem
Lucio Lourenco Prado,Homem
Maria Constanca Peres Pissarra,Mulher
Yolanda Gloria Gamboa Munoz,Mulher
Mario Ariel Gonzalez Porta,Homem
Antonio Jose Romera Valverde,Homem
Peter Pal Pelbart,Homem
Marcio Alves Da Fonseca,Homem
Rita De Cassia Souza Paiva,Mulher
Lucianno Ferreira Gatti,Homem
Edson Luis De Almeida Teles,Homem
Cecilia Cintra Cavaleiro De Macedo,Mulher
Rodnei Antonio Do Nascimento,Homem
Cristina De Souza Agostini,Mulher
Tomas Mendonca Da Silva Prado,Homem
Regina Andre Rebollo,Mulher
Helio Salles Gentil,Homem
Celi Hirata,Mulher
Carlos Eduardo Uchoa Fagundes Junior,Homem
Jose Carlos Bruni,Homem
Maria Isabel De Magalhaes Papaterra Limongi,Mulher
Rodrigo Brandao,Homem
Jose Fernandes Weber,Homem
Claus Langbehn,Homem
Aguinaldo Antonio Cavalheiro Pavao,Homem
Andrea Luisa Bucchile Faggion,Mulher
Maria Cristina Muller,Mulher
Americo Grisotto,Homem
Rogerio Miranda De Almeida,Homem
Wagner Dalla Costa Felix,Homem
Patricia Coradim Sita,Mulher
Jose Antonio Martins,Homem
Mateus Ricardo Fernandes Ferreira,Homem
Max Rogerio Vicentini,Homem
Jose Beluci Caporalini,Homem
Cesar Augusto Battisti,Homem
Gilmar Henrique Da Conceicao,Homem
Jose Luiz Ames,Homem
Tarcilio Ciotta,Homem
Aylton Barbieri Durao,Homem
Joao Eduardo Pinto Basto Lupi,Homem
Selvino Jose Assmann,Homem
Decio Krause,Homem
Jonas Rafael Becker Arenhart,Homem
Marta Rios Alves Nunes Da Costa,Mulher
Claudia Pellegrini Drucker,Mulher
Luiz Henrique De Araujo Dutra,Homem
Ulisses Razzante Vaccari,Homem
Antonio Mariano Nogueira Coelho,Homem
Gisele Dalva Secco,Mulher
Felipe Goncalves Silva,Homem
Joao Carlos Brum Torres,Homem
Jonadas Techio,Homem
Andre Nilo Klaudat,Homem
Paulo Baptista Caruso Macdonald,Homem
Rogerio Fabianne Saucedo Correa,Homem
Janyne Sattler,Mulher
Cesar Schirmer Dos Santos,Homem
Rogerio Passos Severo,Homem
Renato Duarte Fonseca,Homem
Robson Ramos Dos Reis,Homem
Jose Lourenco Pereira Da Silva,Homem
Clademir Luis Araldi,Homem
Joao Francisco Nascimento Hobuss,Homem
Flavia Carvalho Chagas,Mulher
Claudio Roberto Cogo Leivas,Homem
Manoel Luis Cardoso Vasconcellos,Homem
Felipe De Matos Muller,Homem
Katia Martins Etcheverry,Mulher
Claudio Goncalves De Almeida,Homem
Inacio Helfer,Homem
Sofia Ines Albornoz Stein,Mulher
Celso Candido De Azambuja,Homem
Castor Mari Martin Bartolome Ruiz,Homem
Paulo Cesar Nodari,Homem
Andre Brayner De Farias,Homem
Jose Carlos Koche,Homem
Idalgo Jose Sangalli,Homem
Evaldo Antonio Kuiava,Homem
Thiago Suman Santoro,Homem
Adriana Delbo Lopes,Mulher
Andre Da Silva Porto,Homem
Jose Ternes,Homem
Jose Gonzalo Armijos Palacios,Homem
Fabio Ferreira De Almeida,Homem
Carla Milani Damiao,Mulher
Samuel Jose Simon Rodrigues,Homem
Loraine De Fatima Oliveira,Mulher
Claudio Araujo Reis,Homem
Marcos Aurelio Fernandes,Homem
Nelson Goncalves Gomes,Homem
Luca Jean Pitteloud,Homem
Wellington Lima Amorim,Homem
Ursula Anne Matthias,Mulher
Joelma Marques De Carvalho,Mulher
Gustavo Bezerra Do Nascimento Costa,Homem
Dax Fonseca Moraes Paes Nascimento,Homem
Marcelo De Santanna Alves Primo,Homem
Arthur Eduardo Grupillo Chagas,Homem
Carla Rodrigues,Mulher
Mariana De Almeida Campos,Mulher
Leandro Pinheiro Chevitarese,Homem
Affonso Henrique Vieira Da Costa,Homem
Pedro Hussak Van Velthen Ramos,Homem
Eduardo Gomes De Siqueira,Homem
Renato Nogueira Dos Santos Junior,Homem
Jose Nicolao Juliao,Homem
Renato Valois Cordeiro,Homem
Walter Valdevino Oliveira Silva,Homem
Alessandro Bandeira Duarte,Homem
Cristiane Almeida De Azevedo,Mulher
Diogo De Franca Gurgel,Homem
Andre Constantino Yazbek,Homem
Federico Sanguinetti,Homem
Nilo Ribeiro Junior,Homem
Bruno Batista Pettersen,Homem
Monica Loyola Stival,Mulher
Silvana De Souza Ramos,Mulher
Mariana Matulovic Da Silva,Mulher
Luigi Caranti,Homem
Ronei Clecio Mocellin,Homem
Olivier Martin Louis Albert Rene Feron,Homem
Federico Ferraguto,Homem
Evandro Luis Gomes,Homem
Roberto Saraiva Kahlmeyer Mertens,Homem
Fabricio Pontin,Homem
John Herbert Bolender,Homem
Tudor Mihai Baetu,Homem
Bernardo Carvalho Oliveira,Homem
Angelo Aparecido Zanoni Ramos,Homem
Maria Cristina Theobaldo,Mulher
Sara Juliana Pozzer Da Silveira,Mulher
Wendell Evangelista Soares Lopes,Homem
Silas Borges Monteiro,Homem
Alberto Sebastiao De Arruda,Homem
Bernardo Goncalves Alonso,Homem
Walter Gomide Do Nascimento Junior,Homem
Gabriel Jose Correa Mograbi,Homem
Guilherme Ghizoni Da Silva,Homem
Cristiano Novaes De Rezende,Homem
Maxime Rovere,Homem
Mariana Lage Miranda,Mulher
Fabio Abreu Dos Passos,Homem
Jose Ricardo Barbosa Dias,Homem
Sylvio De Sousa Gadelha Costa,Homem
Alberto Dias Gadanha,Homem
Samir Bezerra Gorsky,Homem
Henny Andre Lucrece Blomme,Mulher
Francisco De Assis Vale Cavalcante Filho,Homem
Nilo Cesar Batista Da Silva,Homem
Rafael Da Silva Paes Henriques,Homem
Matthew Stephen Wood,Homem
Celia Cristina Patricio Teixeira,Mulher
Luis Cesar Fernandes De Oliveira,Homem
Roberto Cesar Zarco Camara,Homem
Tais Silva Pereira,Mulher
Felipe Goncalves Pinto,Homem
Mariana Araujo Lamego,Mulher
Rafael Mello Barbosa,Homem
Eduardo Augusto Giglio Gatto,Homem
Fabio Sampaio De Almeida,Homem
Maria Cristina Giorgi,Mulher
Nara Maria Carlos De Santana,Mulher
Marcela Borges Martinez,Mulher
Talita De Oliveira,Mulher
Antonio Mauricio Castanheira Das Neves,Homem
Joao Andre Fernandes Da Silva,Homem
Igor Krtolica,Homem
Alex De Campos Moura,Homem
Evan Robert Keeling,Homem
Luiz Henrique Da Cruz Silvestrini,Homem
Paulo Cesar Rodrigues,Homem
Niklas Hebing,Homem
Pedro Proscurcin Junior,Homem
Izilda Cristina Johanson,Mulher
Tiago Tranjan,Homem
Patricia Fontoura Aranovich,Mulher
Jose Eduardo Freitas Porcher,Homem
Eduardo Ribeiro Da Fonseca,Homem
Leo Peruzzo Junior,Homem
Davide Scarso,Homem
Ana Rieger Schmidt,Mulher
Jose Carlos Baracat Junior,Homem
Luis Eduardo Xavier Rubira,Homem
Juliano Santos Do Carmo,Homem
Rogel Esteves De Oliveira,Homem
Maria Cecilia Pedreira De Almeida,Mulher
Rodrigo De Alvarenga Freire,Homem
Alexandre Fernandes Batista Costa Leite,Homem
Philippe Claude Thierry Lacour,Homem
Matheus De Mesquita Silveira,Homem
Mateus Salvadori,Homem
Janete Maria Bonfanti,Mulher
Anastacio Borges De Araujo Junior,Homem
Marcos Fanton,Homem
Filipe Augusto Barreto Campello De Melo,Homem
Sandro Cozza Sayao,Homem
Sandro Marcio Moura De Sena,Homem
Thiago Andre Moura De Aquino,Homem
Marta Luzie De Oliveira Frecheiras,Mulher
Cristiane Negreiros Abbud Ayoub,Mulher
Luiz Fernando Barrere Martin,Homem
Daniel Pansarelli,Homem
Fernando Costa Mattos,Homem
Anastasia Guidi,Mulher
Patricia Del Nero Velasco,Mulher
Renato Rodrigues Kinouchi,Homem
Miriam Mesquita Sampaio De Madureira,Mulher
Renato Matoso Ribeiro Gomes Brandao,Homem
Francisco Jozivan Guedes De Lima,Homem
Jose Vanderlei Carneiro,Homem
Adauto Lopes Da Silva Filho,Homem
Junot Cornelio Matos,Homem
Saulo Henrique Souza Silva,Homem
Matheus Hidalgo,Homem
Joao Alexandre De Viveiros Cabeceiras,Homem
Tatiana Marins Roque,Mulher
Jean Pierre Cardoso Caron,Homem
Danilo Bilate De Carvalho,Homem
Vilmar Debona,Homem
Mariana De Toledo Barbosa,Mulher
Paulo Cesar Gil Ferreira Junior,Homem
Rogerio Soares Da Costa,Homem
Marcos Henrique Da Silva Rosa,Homem
Tito Marques Palmeiro,Homem
Marcelo Senna Guimaraes,Homem
Rachel Cecilia De Oliveira Costa,Mulher
Daniel De Luca Silveira De Noronha,Homem
Clovis Salgado Gontijo Oliveira,Homem
Georgina Carolina De Oliveira Faneco Maniakas,Mulher
Janaina Namba,Mulher
Francisco Augusto De Moraes Prata Gaspar,Homem
Edna De Souza Alves,Mulher
Frederick R Adams Jr,Homem
Gabriela Rossi,Mulher
Robert Burton Louden,Homem
Alessandro Carvalho Sales,Homem
Cristiane Maria Rebello Nascimento,Mulher
Alexander De Freitas,Homem
Suze De Oliveira Piza,Mulher
Bruno Nadai,Homem
Silvio Ricardo Gomes Carneiro,Homem
Flamarion Caldeira Ramos,Homem
Lorenzo Baravalle,Homem
Alexandre Andre Nodari,Homem
Stefano Busellato,Homem
Carolina De Souza Noto,Mulher
Ivan Ferreira Da Cunha,Homem
Mariana Paolozzi Servulo Da Cunha,Mulher
Mojca Kuplen,Mulher
Nuno Miguel Pereira Castanheira,Homem
Julia Sichieri Moura,Mulher
Daniel Simao Nascimento,Homem
Rodrigo Martins Borges,Homem
Fabio Caprio Leite De Castro,Homem
Adilson Felicio Feiler,Homem
Beatriz Sorrentino Marques,Mulher
Rafael Rodrigues Pereira,Homem
Marcus Santos Mota,Homem
Wanderson Flor Do Nascimento,Homem
Dominique Jean Pierre Flament,Homem
Rogerio Da Silva Lima,Homem
Paulo Cesar Nascimento,Homem
Enrique Huelva Unternbaumen,Homem
Rodolfo Pais Nunes Lopes,Homem
Seloua Luste Boulbina,Mulher
Delfim Ferreira Leão,Homem
Carlos Rubens De Souza Costa,Homem
Deodato Ferreira Da Costa,Homem
Rosa Mendonca De Brito,Mulher
Valcicleia Pereira Da Costa,Mulher
Ivan Risafi De Pontes,Homem
Jonathan Molinari,Homem
Celso De Oliveira Vieira,Homem
Leon Farhi Neto,Homem
Roberto Antonio Penedo Do Amaral,Homem
Jose Manoel Miranda De Oliveira,Homem
Joao Paulo Simoes Vilas Boas,Homem
Roberto Francisco De Carvalho,Homem
Paulo Sergio Gomes Soares,Homem
Eduardo Simoes Silva,Homem
Angelo Rodrigo Bianchini,Homem
Jose Assuncao Fernandes Leite,Homem
Zilmara De Jesus Viana De Carvalho,Mulher
Acildo Leite Da Silva,Homem
Luciano Da Silva Facanha,Homem
Plinio Santos Fontenelle,Homem
Alexandre Jordao Baptista,Homem
Luis Hernan Uribe Miranda,Homem
Marly Cutrim De Menezes,Mulher
Marcio Kleos Freire Pereira,Homem
Maria Olilia Serra,Mulher
Helder Machado Passos,Homem
Heraldo Aparecido Silva,Homem
Wellistony Carvalho Viana,Homem
Solange Aparecida De Campos Costa,Mulher
Carmen Lucia De Oliveira Cabral,Mulher
Jose Sergio Duarte Da Fonseca,Homem
Jose Elielton De Sousa,Homem
Jose Renato De Araujo Sousa,Homem
Gildasio Guedes Fernandes,Homem
Fatima Maria Nobre Lopes,Mulher
Renato Almeida De Oliveira,Homem
Marcos Fabio Alexandre Nicolau,Homem
Antonio Julio Garcia Freire,Homem
Maria Reilta Dantas Cirino,Mulher
Marcos De Camargo Von Zuben,Homem
Galileu Galilei Medeiros De Souza,Homem
Telmir De Souza Soares,Homem
Guilherme Paiva De Carvalho Martins,Homem
Lourival Bezerra Da Costa Junior,Homem
Maria Jose Da Conceicao Souza Vidal,Mulher
Josailton Fernandes De Mendonca,Homem
Francisco De Assis Costa Da Silva,Homem
Francisco Ramos Neves,Homem
Marcos Erico De Araujo Silva,Homem
Jose Teixeira Neto,Homem
Shirlene Santos Mafra Medeiros,Mulher
Betto Leite Da Silva,Homem
Gilfranco Lucena Dos Santos,Homem
Ricardo Leon Lopes,Homem
Flavio Jose De Carvalho,Homem
Solange Maria Norjosa Gonzaga,Mulher
Antonio Gomes Da Silva,Homem
Oscar De Lira Carneiro,Homem
Valter Ferreira Rodrigues,Homem
Roberto Rondon,Homem
Manoel Dionizio Neto,Homem
Marcos Antonio Da Silva Filho,Homem
Homero Luis Alves De Lima,Homem
Itamar Nunes Da Silva,Homem
Anderson De Alencar Menezes,Homem
Conceicao Gislane Nobrega Lima De Salles,Mulher
Walter Matias Lima,Homem
Maria Betania Do Nascimento Santiago,Mulher
Fabio Tenorio De Carvalho,Homem
Celia Maria Rodrigues Da Costa Pereira,Mulher
Flavio Henrique Albert Brayner,Homem
Christian Lindberg Lopes Do Nascimento,Homem
Sergio Ricardo Vieira Ramos,Homem
Nelio Vieira De Melo,Homem
Gildemarks Costa E Silva,Homem
Marcos Fonseca Ribeiro Balieiro,Homem
Andre Luis Mota Itaparica,Homem
Malcom Guimaraes Rodrigues,Homem
Gilmar Francisco Bonamigo,Homem
Jose Renato Salatiel,Homem
Mauricio Abdalla Guerrieri,Homem
Fabio Alves Gomes De Oliveira,Homem
Guilherme Da Costa Assuncao Cecilio,Homem
Rodrigo Azevedo Dos Santos Gouvea,Homem
Wallace Dos Santos De Moraes,Homem
Paulo Mendes Taddei,Homem
Andre Domingos Dos Santos Alonso,Homem
Marcelo Da Costa Maciel,Homem
Robinson Guitarrari,Homem
Markos Klemz Guerrero,Homem
Camila Aparecida Rodrigues Jourdan,Mulher
Carlos Cardozo Coelho,Homem
Thomaz Estrella De Bettencourt,Homem
Maicon Jeferson Da Costa Azevedo,Homem
Simeao Donizeti Sass,Homem
Brunello Souza Stancioli,Homem
Patricia Maria Kauark Leite,Mulher
Antonio Orlando De Oliveira Dourado Lopes,Homem
Olimar Flores Junior,Homem
Nathalie Barbosa De La Cadena,Mulher
Pedro Calixto Ferreira Filho,Homem
Paulo Afonso De Araujo,Homem
Gustavo Arja Castanon,Homem
Fatima Siqueira Caropreso,Mulher
Humberto Schubert Coelho,Homem
Sidnei Vilmar Noe,Homem
Eduardo Gross,Homem
Luis Henrique Dreher,Homem
Antonio Henrique Campolina Martins,Homem
Mario Nogueira De Oliveira,Homem
Sergio Ricardo Neves De Miranda,Homem
Marcio Antonio Silva,Homem
Alex Fabiano Correia Jardim,Homem
Antonio Wagner Veloso Rocha,Homem
Ildenilson Meireles Barbosa,Homem
Pericles Pereira De Sousa,Homem
Fabia Magali Santos Vieira,Mulher
Antonio Alvimar Souza,Homem
Thelma Silveira Da Mota Lessa Da Fonseca,Mulher
Luiz Bezerra Neto,Homem
Joao Virgilio Tagliavini,Homem
Paula Ramos De Oliveira,Mulher
Arnaud Michel Léon Xavier François,Homem
Adriana Mattar Maamari,Mulher
Jose Carlos Rothen,Homem
Giulia Valpione,Mulher
Giorgio Venturi,Homem
Mariana Matulovic Da Silva Rodrigueiro,Mulher
Edna Alves De Souza,Mulher
Cassiano Terra Rodrigues,Homem
Jonnefer Francisco Barbosa,Homem
Tales Afonso Muxfeldt Ab Saber,Homem
Eduardo Nasser,Homem
Marine De Souza Pereira,Mulher
Paula Priscila Braga,Mulher
Andre Luis La Salvia,Homem
Anastasia Guidi Itokazu,Mulher
Nathalie De Almeida Bressiani,Mulher
Bernardo Guadalupe Dos Santos Lins Brandao,Homem
Juliana Fausto De Souza Coutinho,Mulher
Maurizio Filippo Di Silva,Homem
Fabiano Incerti,Homem
Jose Francisco De Assis Dias,Homem
Antonio Charles Santiago Almeida,Homem
Giselle Moura Schnorr,Mulher
Samon Noyama,Homem
Thiago David Stadler,Homem
Armindo Jose Longhi,Homem
Estevao Lemos Cruz,Homem
Renata Ribeiro Tavares Da Silva,Mulher
Franciele Bete Petry,Mulher
Marcos Jose Muller,Homem
Juliana Oliveira Missaggia,Mulher
Angelo Marinucci,Homem
Evandro Barbosa,Homem
Luciano Marques De Jesus,Homem
Roberto De Barros Freire,Homem
Alexandre Mariotto Botton,Homem
Livio Dos Santos Wogel,Homem
Aristides Januario Da Costa Neto,Homem
Jose Carlos Leite,Homem
Ari Ricardo Tank Brito,Homem
Adriano Bueno Kurle,Homem
Ricardo Pereira De Melo,Homem
Stefan Vasilev Krastanov,Homem
Jose Carlos Da Silva,Homem
Erickson Cristiano Dos Santos,Homem
Maira De Souza Borba,Mulher
Osmar Ramao Galeano De Souza,Homem
Ricardo Bazilio Dalla Vecchia,Homem
Wellington Damasceno De Almeida,Homem
Francesco Tomasoni,Homem
Priscila Monteiro Borges,Mulher
Herivelto Pereira De Souza,Homem
Delfim Ferreira Leao,Homem
Ligia Pavan Baptista,Mulher
Harald Sa Peixoto Pinheiro,Homem
Luiz Fernando De Souza Santos,Homem
Judikael Castelo Branco,Homem
Suze Da Silva Sales,Mulher
Claudio Reichert Do Nascimento,Homem
Danilo Rodrigues Pimenta,Homem
Martin Adam Motloch,Homem
Juliano Cordeiro Da Costa Oliveira,Homem
Giovanni Rolla,Homem
Deyvison Rodrigues Lima,Homem
Jose Wilson Da Silva,Homem
Viviane Magalhaes Pereira,Mulher
Luan Correa Da Silva,Homem
Vladimir De Oliva Mota,Homem
Flavia Roberta Benevenuto De Souza,Mulher
Leonardo Jorge Da Hora Pereira,Homem
Emiliano Boccardi,Homem
Vinicius Dos Santos,Homem
Gislene Vale Dos Santos,Mulher
Kleverton Bacelar Santana,Homem
Marilia Lopes De Figueiredo Do Espirito Santo,Mulher
Nastassja Saramago De Araujo Pugliese,Mulher
Mario Augusto Queiroz Carvalho,Homem
William Mattioli,Homem
Regina Helena Sarpa Schopke,Mulher
Fabio Da Silva Fortes,Homem
Bruno Amaro Lacerda,Homem
Elena Pagni,Mulher
Tommy Akira Goto,Homem
Wojciech Zbigniew Starzynski,Homem
Olavo Calabria Pimenta,Homem
Marcelo De Mello Rangel,Homem
Luis Renato Gouvea De Oliveira,Homem
Juliana Bueno,Mulher
Fabio Maia Bertato,Homem
Rafael Rodrigues Garcia,Homem
Inara Luisa Marin,Mulher
Rodrigo Pelloso Gelamo,Homem
Bruno Loureiro Conte,Homem
Luiz Marcos Da Silva Filho,Homem
Alexia Cruz Bretas,Mulher
Fernanda Carlos Borges,Mulher
Carlos Eduardo Ribeiro,Homem
Cristina Foroni Consani Klein,Mulher
Veronica Ferreira Bahr Calazans,Mulher
Andrea Cachel,Mulher
Rodrigo Cumpre Rabelo,Homem
Fabio Cesar Scherer,Homem
Marciano Adilio Spica,Homem
Libanio Cardoso Neto,Homem
Marina Dos Santos,Mulher
Ricardo Crissiuma,Homem
David Horst,Homem
Danilo Fraga Dantas,Homem
Marcelo Fischborn,Homem
Federico Orsini,Homem
Marcelo Bonhemberger,Homem
Augusto Jobim Do Amaral,Homem
Nicola Claudio Salvatore,Homem
Luiz Paulo Da Cas Cichoski,Homem
Mario Spezzapria,Homem
Breno Ricardo Guimaraes Santos,Homem
Filipe Lazzeri Vieira,Homem
Fabien Georges Jacques Schang,Homem
Federico Boccaccini,Homem
Emiliano Ferrari,Homem
Giovanni Zanotti,Homem
Silvio Marino,Homem
Magnus Dagios,Homem
Oneide Perius,Homem
Fernando Danner,Homem
Paulo Roberto Konzen,Homem
Clarides Henrich De Barba,Mulher
Keberson Bresolin,Homem
Marcio De Lima Pacheco,Homem
Christian Otto Muniz Nienov,Homem
Josenir Lopes Dettoni,Homem
Marcio Secco,Homem
Leno Francisco Danner,Homem
Rodolfo De Freitas Jacaranda,Homem
Aldair Oliveira De Andrade,Homem
Jocelia Barbosa Nogueira,Mulher
Jose Alcimar De Oliveira,Homem
Pedro Rodolfo Fernandes Da Silva,Homem
Jose Soares Das Chagas,Homem
Jose Leonardo Annunziato Ruivo,Homem
Franciele Monique Scopetc Dos Santos,Mulher
Domingos Ribeiro Mendes Junior,Homem
Mauricio Fernandes Da Silva,Homem
Luis Carlos Silva De Sousa,Homem
Francisca Galileia Pereira Da Silva,Mulher
Ricardo George De Araujo Silva,Homem
Jose Olinda Braga,Homem
Ideusa Celestino Lopes,Mulher
Sergio Ricardo Schultz,Homem
Andre Nascimento Pontes,Homem
Francisco Romulo Alves Diniz,Homem
Rodrigo Chaves De Mello Rodrigues De Carvalho,Homem
Jose Edmar Lima Filho,Homem
Luiz Philipe Rolla De Caux,Homem
Jose Francisco Das Chagas Souza,Homem
Guilherme Paiva De Carvalho,Homem
Arthur Viana Lopes,Homem
Joao Evangelista Tude De Melo Neto,Homem
Joao Carlos Neves De Souza E Nunes Dias,Homem
Marcus Jose Alves De Souza,Homem
Ricardo Seara Rabenschlag,Homem
Taynam Santos Luz Bueno,Mulher
Rodrigo Barros Gewehr,Homem
Juliele Maria Sievers,Mulher
Francisco Pereira De Sousa,Homem
Fernando Meireles Monegalha Henriques,Homem
Cristina Amaro Viana Meireles,Mulher
Brunela Vieira De Vincenzi,Mulher
Lucio Vaz De Oliveira,Homem
Wander Andrade De Paula,Homem
Rodrigo Gueron,Homem
Renato De Andrade Lessa,Homem
Leonardo Diniz Do Couto,Homem
Amaro De Oliveira Fleck,Homem
Arthur Klik De Lima,Homem
Andre Chagas Ferreira De Souza,Homem
Roney Wagner Vieira,Homem
Giovanni Jan Giubilato,Homem
Joao Geraldo Martins Da Cunha,Homem
Marcelo Sevaybricker Moreira,Homem
Lea Carneiro Silveira,Mulher
Renato Dos Santos Belo,Homem
Luiz Roberto Takayama,Homem
Emanuele Tredanaro,Mulher
Meline Costa Sousa,Mulher
Fernando Martins Mendonca,Homem
Giovanni Fresu,Homem
Igor Agostini,Homem
Guilherme Domingues Da Motta,Homem
Guilherme Araujo Cardoso,Homem
Marco Aurelio Sousa Alves,Homem
Bruno Leonardo Cunha,Homem
Cassio Correa Benjamin,Homem
Wanderley Cardoso De Oliveira,Homem
Fabio De Barros Silva,Homem
Gustavo Leal Toledo,Homem
Jose Luiz De Oliveira,Homem
Luiz Paulo Rouanet,Homem
Luiz Carlos Sureki,Homem
Paulo Sergio Bretones,Homem
Helio Alexandre Da Silva,Homem
Jose Luiz Bastos Neves,Homem
Michela Bordignon,Mulher
Alex Calazans,Homem
Geovani Viola Moretto Mendes,Homem
Maicon Reus Engler,Homem
Wanderley Jose Deina,Homem
Roberto Formisano,Homem
Christian De Ronde,Homem
Jerzy Andre Brzozowski,Homem
Danilo Enrico Martuscelli,Homem
Elsio Jose Cora,Homem
Joice Beatriz Da Costa,Mulher
Thiago Soares Leite,Homem
Nedilso Lauro Brugnera,Homem
Arturo Fatturi,Homem
Flavio Miguel De Oliveira Zimmermann,Homem
Juliano Paccos Caram,Homem
Clovis Brondani,Homem
Marcio Soares,Homem
Paulo Hahn,Homem
Ediovani Antonio Gaboardi,Homem
Newton Marques Peron,Homem
Nikolay Steffens Martins,Homem
Eduardo Vicentini De Medeiros,Homem
Ricardo Joaquin Navia Antelo,Homem
Teresa Cristina Schneider Marques,Mulher
Gabriel Ferreira Da Silva,Homem
Vanderlei Carbonara,Homem
Hilda Regina Pereira Menezes Olea,Mulher
Cleriston Petry,Homem
Alecio Donizete Da Silva,Homem
Ronaldo Amaral,Homem
Vera Marisa Pugliese De Castro,Mulher
Rainri Back Dos Santos,Homem
Fabio Mascarenhas Nolasco,Homem
Agatha Pitombo Bacelar,Mulher
Loiane Da Ponte Souza Prado Verbicaro,Mulher
Tomas Domingo Moratalla,Homem
Ada Beatriz Gallicchio Kroef,Mulher
Markus Rothhaar,Homem
Cristiano Bonneau,Homem
Valmir Pereira,Homem
Luciano Da Silva,Homem
Jose Tadeu Batista De Souza,Homem
Ricardo Pinho Souto,Homem
Gerson Francisco De Arruda Junior,Homem
Eleonoura Enoque Da Silva,Mulher
Andre Luiz Holanda De Oliveira,Homem
Jose Marcos Gomes De Luna,Homem
Karl Heinz Efken,Homem
Danilo Vaz Curado Ribeiro De Menezes Costa,Homem
Ermano Rodrigues Do Nascimento,Homem
Marco Rampazzo Bazzan,Homem
Nelson De Aguiar Menezes Neto,Homem
Mario Motta De Almeida Maximo,Homem
Michelle Bobsin Duarte,Mulher
Felipe De Oliveira Castelo Branco,Homem
Daniel Oliveira Pucciarelli,Homem
Gabriel Geller Xavier,Homem
Paulo Henrique Dias Costa,Homem
Jose Dos Santos Filho,Homem
Anderson Luis Nakano,Homem
Carolin Overhoff Ferreira,Mulher
Valeria Cristina Lopes Wilke,Mulher
Rubia Liz Vogt De Oliveira,Mulher
Fernando Rogerio Da Cruz,Homem
Fabiano Ramos Torres,Homem
Maurizio Esposito,Homem
Marcos Da Silva E Silva,Homem
Mattia Petrolo,Homem
Roberto Charles Feitosa De Oliveira,Homem
Rafael Da Silva Cortes,Homem
Roberto Franzini Tibaldeo,Homem
Daniel Santos Da Silva,Homem
Diego Kosbiau Trevisan,Homem
Scheila Cristiane Thome,Mulher
Caroline Izidoro Marim,Mulher
Jair Inacio Tauchen,Homem
Alexandre Anselmo Guilherme,Homem
Evandro Pontel,Homem
Hans Michael Herbert Schulz,Homem
Thiago Pedro Pinto,Homem
Henrique Modanez De Sant Anna,Homem
Damiao Bezerra Oliveira,Homem
Maria Dos Remedios De Brito,Mulher
Otavio Guimaraes Tavares,Homem
Jose Henrique Sousa Assai,Homem
Francisco Valderio Pereira Da Silva Junior,Homem
Ederson Safra Melo,Homem
Luis Inacio Oliveira Costa,Homem
Rita De Cassia Oliveira,Mulher
Sidnei Francisco Do Nascimento,Homem
Wandeilson Silva De Miranda,Homem
Pedro Pereira Dos Santos,Homem
Lucas Nogueira Do Rego Monteiro Villa Lages,Homem
Jose Da Cruz Lopes Marques,Homem
Lucas Barreto Dias,Homem
Thiago Mota Fontenele E Silva,Homem
Vicente Thiago Freire Brazil,Homem
Gabriel Kafure Da Rocha,Homem
Vincenzo Ciccarelli,Homem
Joao Bosco Brito Do Nascimento,Homem
Lindoaldo Vieira Campos Junior,Homem
Rouseane Da Silva Paula Queiroz,Mulher
Vitor Sommavilla De Souza Barros,Homem
Suzano De Aquino Guimaraes,Homem
Oussama Naouar,Homem
Raphael Guazzelli Valerio,Homem
Elizabete Amorim De Almeida Melo,Mulher
Fernando Jose Do Nascimento,Homem
Jose Vicente Medeiros Da Silva,Homem
Evaniel Bras Dos Santos,Homem
Pedro Augusto Da Costa Franceschini,Homem
Roberta Magalhaes Miquelanti,Mulher
Julia Cavalcanti Telles De Menezes,Mulher
Fernando Maia Freire Ribeiro,Homem
Clara Carnicero De Castro,Mulher
Flavio Fontenelle Loque,Homem
Leonardo Renno Ribeiro Santos,Homem
Alexandre Filordi De Carvalho,Homem
Luciano Vicente,Homem
Amon Santos Pinho,Homem
Fillipa Carneiro Silveira,Mulher
Gabriel Almeida Assumpcao,Homem
Luiz Henrique De Lacerda Abrahao,Homem
Alice Parrela Medrado,Mulher
Anelito Pereira De Oliveira,Homem
Valdirlen Do Nascimento Loyolla,Homem
Ricardo De Oliveira Toledo,Homem
Rodrigo Siqueira Batista,Homem
Rogerio Antonio Picoli,Homem
Paulo Roberto Andrade De Almeida,Homem
Adelmo Jose Da Silva,Homem
Fabio Rodrigo Leite,Homem
Gloria Maria Ferreira Ribeiro,Mulher
Cicero Romao Resende De Araujo,Homem
Patricio Tierno,Homem
Breno Andrade Zuppolini,Homem
Alexandre De Oliveira Ferreira,Homem
Sergio Xavier Gomes De Araujo,Homem
Cristina Foroni Consani,Mulher
Benito Eduardo Araujo Maeso,Homem
Alexander Goncalves,Homem
Nelsi Kistemacher Welter,Mulher
Douglas Antonio Bassani,Homem
Alcione Roberto Roani,Mulher
Gustavo Giora,Homem
Bruno Ramos Mendonca,Homem
Odair Neitzel,Homem
Mitieli Seixas Da Silva,Mulher
Rodrigo Marcos De Jesus,Homem
Eduardo Wolf Pereira,Homem
Antonio Luis Costa Vargas,Homem
Diego De Paiva Vasconcelos,Homem
Douglas Aparecido Bueno,Homem
Daiane Martins Rocha Esis Steines,Mulher
Douglas Oliveira Callegari,Homem
Tiziana Cocchieri,Mulher
Joao Silva Lima,Homem
Francisco Rafael Leidens,Homem
Marcos Alexandre Borges,Homem
Elialdo Rodrigues De Oliveira,Homem
Oziris Alves Guimaraes,Homem
Claudio Sipert,Homem
Saulo Monteiro Martinho De Matos,Homem
Jorge Alberto Ramos Sarmento,Homem
Cesar Augusto Mathias De Alencar,Homem
Daniel Rodrigues Ramos,Homem
Leandro De Araujo Sardeiro,Homem
Lucas Rocha Faustino,Homem
Fabio Caires Correia,Homem
Ralph Leal Heck,Homem
Erminio De Sousa Nascimento,Homem
Ivanio Lopes De Azevedo Junior,Homem
Francisco Joatan Freitas Santos Junior,Homem
Francisco Luciano Teixeira Filho,Homem
Regiane Lorenzetti Collares,Mulher
Camila Do Espirito Santo Prado De Oliveira,Mulher
Italo Lins Lemos,Homem
Francisco Jose Da Silva,Homem
Francione Charapa Alves,Mulher
Fernando Sepe Gimbo,Homem
Valdetonio Pereira De Alencar,Homem
Jose Gladstone Almeida Junior,Homem
Raquel Patriota Da Silva,Mulher
Paulo Eduardo Bodziak Junior,Homem
Ricardo Evangelista Brandao,Homem
Lucas Ollyver Goncalves Barbosa,Homem
Evandro Da Fonseca Costa,Homem
Willamis Aprigio De Araujo,Homem
Jandui Evangelista De Oliveira,Homem
Nalfran Modesto Benvinda,Homem
Patrocinio Solon Freire,Homem
Livia Ribeiro Lins,Mulher
Luis Lucas Dantas Da Silva,Homem
Cristiano Dias Da Silva,Homem
Eduardo Barbosa Vergolino,Homem
Joao Batista Farias Junior,Homem
Andre Ricardo Dias Santos,Homem
Rafael Lucas De Lima,Homem
Jose Aldo Camurca De Araujo Neto,Homem
Jorge Alberto Molina,Homem
Emanoel Luis Roque Soares,Homem
Giovana Carmo Temple,Mulher
Kleyson Rosario Assis,Homem
Ricardo Henrique Resende De Andrade,Homem
Rafael Dos Reis Ferreira,Homem
Matheus Barreto Pazos De Oliveira,Homem
Geovana Da Paz Monteiro,Mulher
Pablo Enrique Abraham Zunino,Homem
Ana Carolina Reis Pereira,Mulher
Fabio Falcao Oliveira,Homem
Marcio Jarek,Homem
Claudio Vinicius Felix Medeiros,Homem
Alyne De Castro Costa,Mulher
Fellipe Pinheiro De Oliveira,Homem
Sulamita Fonseca Lino,Mulher
Isabel Coelho Fragelli,Mulher
Eli Vagner Francisco Rodrigues,Homem
Paula Ferreira Vermeersch,Mulher
Polyana Cristina Tidre,Mulher
Mauro Dela Bandera Arco Junior,Homem
Vanessa Furtado Fontana,Mulher
Martha Gabrielly Coletto Costa,Mulher
Gustavo Hessmann Dalaqua,Homem
Stela Maris Da Silva,Mulher
Leandro Sousa Costa,Homem
Paolo Colosso,Homem
Nara Miranda De Figueiredo,Mulher
Hernán Ramiro Ramirez,Homem
Lucas Mateus Dalsotto,Homem
Lucio Alvaro Marques,Homem
Maria Veralice Barroso,Mulher
Ana Paula Aparecida Caixeta,Mulher
